date;jour;nom;annee;zone
2026-01-01;jeudi;Jour de l'an;2026;Saint-Martin
2026-04-06;lundi;Lundi de Pâques;2026;Saint-Martin
2026-05-01;vendredi;Fête du Travail;2026;Saint-Martin
2026-05-08;vendredi;Victoire 1945;2026;Saint-Martin
2026-05-14;jeudi;Ascension;2026;Saint-Martin
2026-05-25;lundi;Lundi de Pentecôte;2026;Saint-Martin
2026-05-28;jeudi;Abolition de l'esclavage;2026;Saint-Martin
2026-07-14;mardi;Fête nationale;2026;Saint-Martin
2026-08-15;samedi;Assomption;2026;Saint-Martin
2026-11-01;dimanche;Toussaint;2026;Saint-Martin
2026-11-11;mercredi;Armistice 1918;2026;Saint-Martin
2026-12-25;vendredi;Noël;2026;Saint-Martin
2027-01-01;vendredi;Jour de l'an;2027;Saint-Martin
2027-03-29;lundi;Lundi de Pâques;2027;Saint-Martin
2027-05-01;samedi;Fête du Travail;2027;Saint-Martin
2027-05-06;jeudi;Ascension;2027;Saint-Martin
2027-05-08;samedi;Victoire 1945;2027;Saint-Martin
2027-05-17;lundi;Lundi de Pentecôte;2027;Saint-Martin
2027-05-28;vendredi;Abolition de l'esclavage;2027;Saint-Martin
2027-07-14;mercredi;Fête nationale;2027;Saint-Martin
2027-08-15;dimanche;Assomption;2027;Saint-Martin
2027-11-01;lundi;Toussaint;2027;Saint-Martin
2027-11-11;jeudi;Armistice 1918;2027;Saint-Martin
2027-12-25;samedi;Noël;2027;Saint-Martin
2028-01-01;samedi;Jour de l'an;2028;Saint-Martin
2028-04-17;lundi;Lundi de Pâques;2028;Saint-Martin
2028-05-01;lundi;Fête du Travail;2028;Saint-Martin
2028-05-08;lundi;Victoire 1945;2028;Saint-Martin
2028-05-25;jeudi;Ascension;2028;Saint-Martin
2028-05-28;dimanche;Abolition de l'esclavage;2028;Saint-Martin
2028-06-05;lundi;Lundi de Pentecôte;2028;Saint-Martin
2028-07-14;vendredi;Fête nationale;2028;Saint-Martin
2028-08-15;mardi;Assomption;2028;Saint-Martin
2028-11-01;mercredi;Toussaint;2028;Saint-Martin
2028-11-11;samedi;Armistice 1918;2028;Saint-Martin
2028-12-25;lundi;Noël;2028;Saint-Martin
2029-01-01;lundi;Jour de l'an;2029;Saint-Martin
2029-04-02;lundi;Lundi de Pâques;2029;Saint-Martin
2029-05-01;mardi;Fête du Travail;2029;Saint-Martin
2029-05-08;mardi;Victoire 1945;2029;Saint-Martin
2029-05-10;jeudi;Ascension;2029;Saint-Martin
2029-05-21;lundi;Lundi de Pentecôte;2029;Saint-Martin
2029-05-28;lundi;Abolition de l'esclavage;2029;Saint-Martin
2029-07-14;samedi;Fête nationale;2029;Saint-Martin
2029-08-15;mercredi;Assomption;2029;Saint-Martin
2029-11-01;jeudi;Toussaint;2029;Saint-Martin
2029-11-11;dimanche;Armistice 1918;2029;Saint-Martin
2029-12-25;mardi;Noël;2029;Saint-Martin
2030-01-01;mardi;Jour de l'an;2030;Saint-Martin
2030-04-22;lundi;Lundi de Pâques;2030;Saint-Martin
2030-05-01;mercredi;Fête du Travail;2030;Saint-Martin
2030-05-08;mercredi;Victoire 1945;2030;Saint-Martin
2030-05-28;mardi;Abolition de l'esclavage;2030;Saint-Martin
2030-05-30;jeudi;Ascension;2030;Saint-Martin
2030-06-10;lundi;Lundi de Pentecôte;2030;Saint-Martin
2030-07-14;dimanche;Fête nationale;2030;Saint-Martin
2030-08-15;jeudi;Assomption;2030;Saint-Martin
2030-11-01;vendredi;Toussaint;2030;Saint-Martin
2030-11-11;lundi;Armistice 1918;2030;Saint-Martin
2030-12-25;mercredi;Noël;2030;Saint-Martin
2031-01-01;mercredi;Jour de l'an;2031;Saint-Martin
2031-04-14;lundi;Lundi de Pâques;2031;Saint-Martin
2031-05-01;jeudi;Fête du Travail;2031;Saint-Martin
2031-05-08;jeudi;Victoire 1945;2031;Saint-Martin
2031-05-22;jeudi;Ascension;2031;Saint-Martin
2031-05-28;mercredi;Abolition de l'esclavage;2031;Saint-Martin
2031-06-02;lundi;Lundi de Pentecôte;2031;Saint-Martin
2031-07-14;lundi;Fête nationale;2031;Saint-Martin
2031-08-15;vendredi;Assomption;2031;Saint-Martin
2031-11-01;samedi;Toussaint;2031;Saint-Martin
2031-11-11;mardi;Armistice 1918;2031;Saint-Martin
2031-12-25;jeudi;Noël;2031;Saint-Martin
2032-01-01;jeudi;Jour de l'an;2032;Saint-Martin
2032-03-29;lundi;Lundi de Pâques;2032;Saint-Martin
2032-05-01;samedi;Fête du Travail;2032;Saint-Martin
2032-05-06;jeudi;Ascension;2032;Saint-Martin
2032-05-08;samedi;Victoire 1945;2032;Saint-Martin
2032-05-17;lundi;Lundi de Pentecôte;2032;Saint-Martin
2032-05-28;vendredi;Abolition de l'esclavage;2032;Saint-Martin
2032-07-14;mercredi;Fête nationale;2032;Saint-Martin
2032-08-15;dimanche;Assomption;2032;Saint-Martin
2032-11-01;lundi;Toussaint;2032;Saint-Martin
2032-11-11;jeudi;Armistice 1918;2032;Saint-Martin
2032-12-25;samedi;Noël;2032;Saint-Martin
2033-01-01;samedi;Jour de l'an;2033;Saint-Martin
2033-04-18;lundi;Lundi de Pâques;2033;Saint-Martin
2033-05-01;dimanche;Fête du Travail;2033;Saint-Martin
2033-05-08;dimanche;Victoire 1945;2033;Saint-Martin
2033-05-26;jeudi;Ascension;2033;Saint-Martin
2033-05-28;samedi;Abolition de l'esclavage;2033;Saint-Martin
2033-06-06;lundi;Lundi de Pentecôte;2033;Saint-Martin
2033-07-14;jeudi;Fête nationale;2033;Saint-Martin
2033-08-15;lundi;Assomption;2033;Saint-Martin
2033-11-01;mardi;Toussaint;2033;Saint-Martin
2033-11-11;vendredi;Armistice 1918;2033;Saint-Martin
2033-12-25;dimanche;Noël;2033;Saint-Martin
2034-01-01;dimanche;Jour de l'an;2034;Saint-Martin
2034-04-10;lundi;Lundi de Pâques;2034;Saint-Martin
2034-05-01;lundi;Fête du Travail;2034;Saint-Martin
2034-05-08;lundi;Victoire 1945;2034;Saint-Martin
2034-05-18;jeudi;Ascension;2034;Saint-Martin
2034-05-28;dimanche;Abolition de l'esclavage;2034;Saint-Martin
2034-05-29;lundi;Lundi de Pentecôte;2034;Saint-Martin
2034-07-14;vendredi;Fête nationale;2034;Saint-Martin
2034-08-15;mardi;Assomption;2034;Saint-Martin
2034-11-01;mercredi;Toussaint;2034;Saint-Martin
2034-11-11;samedi;Armistice 1918;2034;Saint-Martin
2034-12-25;lundi;Noël;2034;Saint-Martin
2035-01-01;lundi;Jour de l'an;2035;Saint-Martin
2035-03-26;lundi;Lundi de Pâques;2035;Saint-Martin
2035-05-01;mardi;Fête du Travail;2035;Saint-Martin
2035-05-03;jeudi;Ascension;2035;Saint-Martin
2035-05-08;mardi;Victoire 1945;2035;Saint-Martin
2035-05-14;lundi;Lundi de Pentecôte;2035;Saint-Martin
2035-05-28;lundi;Abolition de l'esclavage;2035;Saint-Martin
2035-07-14;samedi;Fête nationale;2035;Saint-Martin
2035-08-15;mercredi;Assomption;2035;Saint-Martin
2035-11-01;jeudi;Toussaint;2035;Saint-Martin
2035-11-11;dimanche;Armistice 1918;2035;Saint-Martin
2035-12-25;mardi;Noël;2035;Saint-Martin
